Timestamp,Temperature_C,Humidity_Pct,EC_Measured,pH_Measured,Raw_Weight_g,Smoothed_Weight_g,Harvest_Days_Left
2026-05-22 08:00:00,24.7,48.5,1.57,6.94,28.9,28.9,16.0
2026-05-22 09:00:00,24.4,50.3,1.69,6.87,-0.9,14.0,16.0
2026-05-22 10:00:00,24.8,50.7,1.64,7.16,24.6,17.533333333333335,16.0
2026-05-22 11:00:00,25.3,53.8,1.57,7.1,19.9,18.125,16.0
2026-05-22 12:00:00,24.4,51.9,1.63,6.93,28.8,20.259999999999998,16.0
2026-05-22 13:00:00,24.4,48.8,1.65,7.23,34.6,22.650000000000002,16.0
2026-05-22 14:00:00,25.3,48.2,1.63,7.1,34.7,24.371428571428574,16.0
2026-05-22 15:00:00,24.9,51.0,1.52,6.97,28.8,24.925,16.0
2026-05-22 16:00:00,24.3,47.4,1.56,6.75,28.7,25.34444444444445,16.0
2026-05-22 17:00:00,24.8,53.7,1.59,7.23,32.4,26.05,16.0
2026-05-22 18:00:00,24.3,52.4,1.6,6.86,-0.7,23.61818181818182,16.0
2026-05-22 19:00:00,24.3,49.1,1.63,6.84,17.7,23.125,16.0
2026-05-22 20:00:00,24.6,46.6,1.61,7.1,34.5,23.59166666666667,16.0
2026-05-22 21:00:00,23.5,52.7,1.53,7.24,36.3,26.691666666666666,16.0
2026-05-22 22:00:00,23.6,49.8,1.62,7.14,32.8,27.375,16.0
2026-05-22 23:00:00,24.2,52.5,1.63,7.06,32.9,28.458333333333332,15.8
2026-05-23 00:00:00,24.0,46.8,1.63,7.06,31.3,28.666666666666668,16.0
2026-05-23 01:00:00,24.7,48.8,1.65,7.09,31.9,28.441666666666666,16.0
2026-05-23 02:00:00,24.0,50.0,1.64,7.08,34.2,28.400000000000002,16.0
2026-05-23 03:00:00,23.8,50.1,1.62,7.03,36.4,29.03333333333333,16.0
2026-05-23 04:00:00,25.2,49.1,1.6,7.01,38.5,29.849999999999998,16.0
2026-05-23 05:00:00,24.4,51.2,1.52,6.99,-1.2,27.049999999999997,15.8
2026-05-23 06:00:00,24.5,47.9,1.62,6.92,26.2,29.291666666666668,16.0
2026-05-23 07:00:00,23.8,49.7,1.61,6.97,36.4,30.849999999999998,15.9
2026-05-23 08:00:00,24.2,50.2,1.61,6.83,37.6,31.10833333333333,15.5
2026-05-23 09:00:00,24.6,51.0,1.54,6.99,20.9,29.825000000000003,15.5
2026-05-23 10:00:00,23.9,51.4,1.55,6.9,31.4,29.708333333333332,16.0
2026-05-23 11:00:00,24.7,47.8,1.65,6.89,41.8,30.450000000000003,16.0
2026-05-23 12:00:00,24.2,46.9,1.6,7.02,41.8,31.325000000000003,15.8
2026-05-23 13:00:00,24.4,52.6,1.63,7.14,39.3,31.941666666666663,16.0
2026-05-23 14:00:00,24.2,50.7,1.6,7.09,40.8,32.49166666666667,15.1
2026-05-23 15:00:00,25.4,48.5,1.6,6.84,27.7,31.766666666666666,15.8
2026-05-23 16:00:00,24.5,53.1,1.65,6.9,21.9,30.383333333333336,15.4
2026-05-23 17:00:00,24.0,50.2,1.57,7.09,40.5,33.858333333333334,15.6
2026-05-23 18:00:00,24.9,52.4,1.6,6.9,45.0,35.425000000000004,15.6
2026-05-23 19:00:00,23.9,50.1,1.58,6.98,4.4,32.75833333333333,15.5
2026-05-23 20:00:00,24.6,54.1,1.58,7.06,44.6,33.34166666666667,14.5
2026-05-23 21:00:00,23.5,53.5,1.58,6.9,25.2,33.699999999999996,15.6
2026-05-23 22:00:00,23.8,49.5,1.61,7.01,46.2,34.93333333333333,15.5
2026-05-23 23:00:00,24.6,51.9,1.58,6.87,45.2,35.21666666666667,15.5
2026-05-24 00:00:00,24.9,51.3,1.66,6.94,41.0,35.15,15.8
2026-05-24 01:00:00,24.6,52.7,1.56,7.03,49.9,36.03333333333334,14.8
2026-05-24 02:00:00,24.4,48.1,1.59,6.84,44.7,36.358333333333334,15.4
2026-05-24 03:00:00,24.3,51.4,1.58,7.04,45.0,37.800000000000004,15.4
2026-05-24 04:00:00,23.8,52.1,1.67,7.0,48.6,40.025,14.0
2026-05-24 05:00:00,24.1,46.5,1.61,7.06,52.0,40.983333333333334,14.7
2026-05-24 06:00:00,24.3,47.6,1.65,7.02,46.1,41.074999999999996,14.3
2026-05-24 07:00:00,25.0,45.9,1.53,7.14,34.9,43.61666666666667,14.2
2026-05-24 08:00:00,24.7,49.5,1.61,7.01,16.5,41.275,14.6
2026-05-24 09:00:00,23.6,51.4,1.64,6.96,52.9,43.583333333333336,14.0
2026-05-24 10:00:00,24.7,53.0,1.6,7.01,51.9,44.05833333333334,13.9
2026-05-24 11:00:00,24.3,50.1,1.65,7.05,50.9,44.53333333333333,14.1
2026-05-24 12:00:00,24.2,53.3,1.57,7.0,50.1,45.291666666666664,13.5
2026-05-24 13:00:00,24.8,47.2,1.67,7.0,18.4,42.666666666666664,13.9
2026-05-24 14:00:00,25.0,46.6,1.71,6.93,50.5,43.15,14.5
2026-05-24 15:00:00,25.0,49.9,1.58,6.93,45.5,43.19166666666666,13.8
2026-05-24 16:00:00,24.1,50.8,1.58,6.86,41.2,42.574999999999996,14.6
2026-05-24 17:00:00,24.3,49.9,1.67,7.17,58.2,43.09166666666667,14.4
2026-05-24 18:00:00,24.7,45.9,1.68,6.88,49.0,43.333333333333336,13.5
2026-05-24 19:00:00,25.0,49.8,1.57,6.93,38.6,43.64166666666667,13.9
2026-05-24 20:00:00,24.3,47.4,1.58,6.93,59.1,47.19166666666666,14.2
2026-05-24 21:00:00,24.4,51.3,1.59,7.09,49.1,46.875,13.4
2026-05-24 22:00:00,23.9,50.7,1.53,6.97,58.5,47.425000000000004,13.5
2026-05-24 23:00:00,23.9,48.1,1.55,7.12,56.9,47.925000000000004,13.8
2026-05-25 00:00:00,24.9,49.0,1.55,6.93,59.2,48.68333333333334,13.8
2026-05-25 01:00:00,25.2,47.9,1.56,7.03,49.4,51.26666666666667,13.1
2026-05-25 02:00:00,24.5,49.9,1.6,6.92,59.0,51.975,12.8
2026-05-25 03:00:00,25.0,51.9,1.61,7.21,59.1,53.10833333333334,13.5
2026-05-25 04:00:00,24.7,48.0,1.68,6.88,60.7,54.73333333333334,13.4
2026-05-25 05:00:00,24.2,51.0,1.55,7.03,59.9,54.875,13.1
2026-05-25 06:00:00,24.7,48.9,1.65,7.06,63.8,56.10833333333333,12.6
2026-05-25 07:00:00,25.3,48.4,1.59,7.04,68.9,58.63333333333333,11.9
2026-05-25 08:00:00,24.5,49.8,1.6,6.98,65.6,59.175000000000004,11.8
2026-05-25 09:00:00,25.3,47.9,1.63,6.99,64.5,60.458333333333336,12.1
2026-05-25 10:00:00,23.2,48.9,1.54,7.0,65.0,61.0,12.0
2026-05-25 11:00:00,24.9,47.6,1.62,6.99,61.8,61.40833333333334,12.4
2026-05-25 12:00:00,24.5,53.9,1.61,7.1,69.8,62.291666666666664,12.0
2026-05-25 13:00:00,24.4,50.1,1.62,7.22,32.5,60.88333333333333,11.3
2026-05-25 14:00:00,24.5,48.6,1.61,6.94,67.9,61.625,12.2
2026-05-25 15:00:00,23.5,50.4,1.72,6.86,43.6,60.333333333333336,11.6
2026-05-25 16:00:00,24.4,49.8,1.57,6.99,70.6,61.15833333333333,11.7
2026-05-25 17:00:00,24.7,49.6,1.57,7.26,68.1,61.84166666666666,11.9
2026-05-25 18:00:00,25.2,51.2,1.57,6.92,69.7,62.333333333333336,12.5
2026-05-25 19:00:00,24.2,51.5,1.57,7.16,75.0,62.84166666666667,12.9
2026-05-25 20:00:00,24.1,48.9,1.57,7.17,72.6,63.425000000000004,11.8
2026-05-25 21:00:00,24.2,48.8,1.66,6.94,68.5,63.75833333333333,11.4
2026-05-25 22:00:00,25.0,49.4,1.67,7.06,76.2,64.69166666666666,11.6
2026-05-25 23:00:00,24.7,45.4,1.57,7.16,72.1,65.55,11.6
2026-05-26 00:00:00,24.2,47.0,1.56,6.96,80.4,66.43333333333334,11.0
2026-05-26 01:00:00,24.8,52.7,1.62,6.98,78.6,70.27499999999999,11.3
2026-05-26 02:00:00,24.5,53.3,1.57,6.94,74.7,70.84166666666667,10.6
2026-05-26 03:00:00,25.0,49.5,1.63,6.9,80.5,73.91666666666667,10.3
2026-05-26 04:00:00,24.1,51.2,1.61,6.94,77.5,74.49166666666666,10.3
2026-05-26 05:00:00,24.3,50.6,1.52,6.88,80.5,75.52499999999999,10.1
2026-05-26 06:00:00,24.3,56.2,1.68,7.0,80.0,76.38333333333334,10.2
2026-05-26 07:00:00,23.8,52.2,1.69,6.92,76.7,76.52499999999999,9.5
2026-05-26 08:00:00,24.6,49.7,1.57,7.02,77.9,76.96666666666667,9.5
2026-05-26 09:00:00,24.6,48.1,1.58,6.84,83.6,78.22500000000001,9.1
2026-05-26 10:00:00,24.5,46.8,1.61,7.03,80.1,78.55,9.7
2026-05-26 11:00:00,24.4,50.4,1.62,7.08,80.5,79.25,9.7
2026-05-26 12:00:00,23.8,48.5,1.63,6.8,79.5,79.175,9.6
2026-05-26 13:00:00,24.3,47.2,1.7,7.04,84.3,79.65,10.0
2026-05-26 14:00:00,24.3,48.7,1.59,7.12,89.8,80.90833333333333,9.2
2026-05-26 15:00:00,24.1,47.8,1.56,6.88,66.1,79.70833333333333,9.6
2026-05-26 16:00:00,24.4,53.4,1.53,7.17,85.0,80.33333333333333,8.9
2026-05-26 17:00:00,24.7,51.8,1.56,7.04,54.7,78.18333333333332,9.4
2026-05-26 18:00:00,25.4,50.0,1.6,6.93,85.9,78.675,9.8
2026-05-26 19:00:00,24.6,53.0,1.69,6.99,88.1,79.625,9.7
2026-05-26 20:00:00,24.6,50.2,1.57,7.06,84.2,80.14999999999999,9.2
2026-05-26 21:00:00,24.5,48.3,1.61,7.01,89.3,80.625,9.2
2026-05-26 22:00:00,23.5,53.0,1.6,7.05,88.0,81.28333333333333,8.6
2026-05-26 23:00:00,24.5,51.1,1.66,6.91,92.2,82.25833333333334,8.9
2026-05-27 00:00:00,24.5,47.9,1.73,7.02,93.4,83.41666666666667,9.2
2026-05-27 01:00:00,25.7,49.6,1.57,6.86,98.2,84.575,9.0
2026-05-27 02:00:00,24.4,48.2,1.58,6.99,92.8,84.825,8.9
2026-05-27 03:00:00,24.7,47.2,1.65,6.91,92.6,87.03333333333335,8.4
2026-05-27 04:00:00,24.5,51.9,1.63,6.93,92.8,87.68333333333334,8.3
2026-05-27 05:00:00,23.9,53.8,1.69,7.12,91.8,90.77499999999999,7.6
2026-05-27 06:00:00,25.1,47.2,1.63,7.11,94.5,91.49166666666666,8.1
2026-05-27 07:00:00,24.9,51.1,1.58,7.06,78.2,90.66666666666667,8.1
2026-05-27 08:00:00,24.9,48.7,1.63,6.89,95.2,91.58333333333333,8.0
2026-05-27 09:00:00,24.0,49.0,1.66,6.97,84.2,91.15833333333335,7.6
2026-05-27 10:00:00,25.2,48.8,1.64,7.12,92.8,91.55833333333334,6.9
2026-05-27 11:00:00,23.8,48.3,1.63,7.01,99.8,92.19166666666666,8.1
2026-05-27 12:00:00,24.8,50.1,1.65,7.23,101.0,92.825,7.4
2026-05-27 13:00:00,25.6,48.3,1.66,7.04,97.2,92.74166666666667,7.3
2026-05-27 14:00:00,24.0,50.5,1.67,7.02,56.8,89.74166666666667,8.3
2026-05-27 15:00:00,24.2,49.9,1.63,6.97,96.9,90.10000000000001,7.8
2026-05-27 16:00:00,24.5,49.5,1.59,7.01,103.2,90.96666666666668,8.3
2026-05-27 17:00:00,24.2,48.2,1.61,6.98,99.8,91.63333333333333,8.0
2026-05-27 18:00:00,23.7,48.8,1.66,7.07,97.4,91.875,8.0
2026-05-27 19:00:00,24.5,51.5,1.56,7.1,84.5,92.39999999999999,7.1
2026-05-27 20:00:00,24.0,51.0,1.62,6.92,104.1,93.14166666666667,8.1
2026-05-27 21:00:00,24.7,48.0,1.58,6.87,103.8,94.77499999999999,7.5
2026-05-27 22:00:00,24.0,50.2,1.6,6.82,101.9,95.53333333333335,7.1
2026-05-27 23:00:00,25.3,51.5,1.66,7.05,102.1,95.72500000000001,7.3
2026-05-28 00:00:00,24.1,46.7,1.61,6.89,102.6,95.85833333333333,6.5
2026-05-28 01:00:00,24.3,51.1,1.6,6.78,101.5,96.21666666666665,7.3
2026-05-28 02:00:00,24.9,48.7,1.53,7.04,109.7,100.625,6.2
2026-05-28 03:00:00,23.9,51.1,1.64,7.25,104.4,101.25,6.0
2026-05-28 04:00:00,24.6,48.5,1.63,7.0,109.5,101.77499999999999,5.8
2026-05-28 05:00:00,25.2,46.4,1.71,7.08,111.0,102.70833333333333,6.8
2026-05-28 06:00:00,23.7,46.7,1.58,7.01,109.9,103.75,5.9
2026-05-28 07:00:00,24.6,50.1,1.61,6.99,106.2,105.55833333333334,6.5
2026-05-28 08:00:00,24.6,50.5,1.61,7.09,109.2,105.98333333333333,5.7
2026-05-28 09:00:00,24.9,48.2,1.68,6.97,108.4,106.36666666666667,5.1
2026-05-28 10:00:00,23.9,51.3,1.6,7.03,106.3,106.73333333333333,5.3
2026-05-28 11:00:00,23.8,46.7,1.61,7.03,110.5,107.43333333333334,6.2
2026-05-28 12:00:00,24.8,49.9,1.63,6.93,106.5,107.75833333333334,5.6
2026-05-28 13:00:00,24.6,47.6,1.61,7.1,114.1,108.80833333333334,5.3
2026-05-28 14:00:00,24.6,48.7,1.58,6.98,109.6,108.80000000000001,5.6
2026-05-28 15:00:00,24.7,50.1,1.61,6.92,112.1,109.44166666666666,5.6
2026-05-28 16:00:00,24.2,48.3,1.65,7.05,112.8,109.71666666666665,5.8
2026-05-28 17:00:00,24.6,49.2,1.55,6.91,111.7,109.77499999999999,5.9
2026-05-28 18:00:00,24.6,52.0,1.61,7.0,114.7,110.17500000000001,5.2
2026-05-28 19:00:00,24.1,48.8,1.56,7.0,112.0,110.65833333333335,4.7
2026-05-28 20:00:00,25.4,51.7,1.66,7.11,116.5,111.26666666666667,5.0
2026-05-28 21:00:00,24.7,47.7,1.52,7.05,110.3,111.425,5.2
2026-05-28 22:00:00,23.9,51.1,1.57,7.0,115.2,112.16666666666667,4.7
2026-05-28 23:00:00,24.8,52.9,1.62,7.08,121.1,113.05,4.5
2026-05-29 00:00:00,24.0,45.1,1.68,7.14,112.7,113.56666666666666,5.0
2026-05-29 01:00:00,24.9,48.4,1.6,7.06,114.1,113.56666666666666,4.8
2026-05-29 02:00:00,25.1,51.2,1.57,7.0,118.1,114.27499999999999,4.8
2026-05-29 03:00:00,24.1,49.6,1.69,6.87,117.6,114.73333333333333,4.4
2026-05-29 04:00:00,25.0,50.7,1.53,6.89,118.5,115.20833333333333,4.5
2026-05-29 05:00:00,24.7,48.8,1.49,6.97,119.3,115.84166666666665,4.2
2026-05-29 06:00:00,24.9,50.2,1.62,6.94,120.2,116.3,4.8
2026-05-29 07:00:00,25.4,49.7,1.57,6.98,122.1,117.14166666666665,4.8
2026-05-29 08:00:00,24.4,52.3,1.55,7.01,120.4,117.46666666666665,3.6
2026-05-29 09:00:00,24.1,50.5,1.64,7.05,118.8,118.175,3.9
2026-05-29 10:00:00,24.1,50.7,1.61,6.99,122.0,118.74166666666666,3.6
2026-05-29 11:00:00,24.1,49.2,1.57,7.05,111.1,117.90833333333335,4.0
2026-05-29 12:00:00,24.5,49.0,1.54,7.01,120.4,118.55,4.2
2026-05-29 13:00:00,24.7,49.1,1.64,6.8,103.3,117.65000000000002,3.7
2026-05-29 14:00:00,24.6,50.8,1.63,6.91,124.9,118.21666666666665,3.9
2026-05-29 15:00:00,24.9,49.2,1.6,6.99,86.6,115.63333333333333,4.2
2026-05-29 16:00:00,24.5,50.6,1.69,6.88,115.8,115.40833333333335,4.7
2026-05-29 17:00:00,25.2,54.2,1.55,7.06,125.3,115.90833333333335,4.6
2026-05-29 18:00:00,24.4,51.7,1.52,7.15,121.5,116.01666666666667,4.2
2026-05-29 19:00:00,25.9,49.3,1.57,7.12,123.2,116.10833333333333,4.6
2026-05-29 20:00:00,24.8,52.4,1.6,6.98,124.8,116.47500000000001,4.3
2026-05-29 21:00:00,24.1,49.2,1.61,7.15,124.8,116.97500000000001,4.3
2026-05-29 22:00:00,24.0,45.9,1.59,7.01,126.7,117.36666666666667,5.0
2026-05-29 23:00:00,24.7,48.0,1.62,6.97,123.6,118.40833333333332,4.7
2026-05-30 00:00:00,24.4,46.3,1.54,6.94,126.8,118.94166666666666,3.6
2026-05-30 01:00:00,24.9,49.3,1.67,6.97,124.8,120.73333333333335,4.2
2026-05-30 02:00:00,24.7,50.0,1.6,6.96,93.2,118.09166666666665,4.6
2026-05-30 03:00:00,24.5,53.4,1.66,7.02,128.2,121.55833333333334,3.3
2026-05-30 04:00:00,24.1,50.7,1.62,7.02,88.8,119.30833333333332,4.4
2026-05-30 05:00:00,23.7,49.6,1.62,7.0,130.2,119.71666666666665,4.7
2026-05-30 06:00:00,24.3,51.7,1.63,7.04,125.7,120.06666666666666,3.5
2026-05-30 07:00:00,24.9,45.6,1.62,7.12,130.1,120.64166666666665,3.5
2026-05-30 08:00:00,24.6,50.5,1.63,7.1,129.1,121.0,4.3
2026-05-30 09:00:00,23.9,51.5,1.67,7.2214285714285715,132.01428571428573,121.60119047619048,3.9
2026-05-30 10:00:00,24.6,47.0,1.61,7.3428571428571425,124.32857142857144,121.40357142857142,4.0
2026-05-30 11:00:00,24.7,52.3,1.64,7.464285714285714,122.44285714285714,121.30714285714286,3.8
2026-05-30 12:00:00,24.1,50.7,1.6,7.585714285714285,86.95714285714286,117.98690476190477,4.2
2026-05-30 13:00:00,24.6,49.2,1.67,7.707142857142857,119.67142857142856,117.5595238095238,3.5
2026-05-30 14:00:00,24.5,51.3,1.57,7.828571428571429,121.48571428571427,119.91666666666667,4.0
2026-05-30 15:00:00,23.9,54.5,1.69,7.95,112.7,118.625,4.1
2026-05-30 16:00:00,24.7,50.4,1.6,8.071428571428571,112.91428571428571,120.63452380952383,3.1
2026-05-30 17:00:00,24.8,50.5,1.53,8.192857142857143,111.42857142857143,119.0702380952381,3.2
2026-05-30 18:00:00,25.0,49.1,1.61,8.314285714285715,115.94285714285715,118.25714285714287,2.5
2026-05-30 19:00:00,25.0,48.3,1.57,8.435714285714287,116.75714285714287,117.1452380952381,3.3
2026-05-30 20:00:00,23.8,51.7,1.64,8.557142857142857,109.77142857142856,115.5345238095238,3.3
2026-05-30 21:00:00,24.0,48.3,1.57,8.678571428571429,108.08571428571429,113.54047619047618,3.1
2026-05-30 22:00:00,24.8,50.1,1.58,8.8,107.30000000000001,112.12142857142857,3.5
2026-05-30 23:00:00,24.8,49.0,1.51,7.02,95.8,109.90119047619048,3.0
2026-05-31 00:00:00,24.8,51.0,1.58,7.0,106.11578947368423,111.49774436090225,2.9
2026-05-31 01:00:00,26.4,50.7,1.48,7.06,111.23157894736842,110.79442355889726,2.2
2026-05-31 02:00:00,24.8,52.1,1.52,7.01,114.94736842105263,110.24956140350878,2.6
2026-05-31 03:00:00,25.1,49.0,1.64,6.9,100.16315789473686,109.20482456140353,2.6
2026-05-31 04:00:00,25.0,49.5,1.64,7.12,115.77894736842104,109.4435463659148,2.7
2026-05-31 05:00:00,24.8,48.0,1.62,6.98,119.79473684210527,110.1407268170426,2.3
2026-05-31 06:00:00,24.3,49.1,1.55,7.0,110.21052631578948,109.66303258145363,2.5
2026-05-31 07:00:00,24.9,50.8,1.6,6.91,121.92631578947369,110.0937969924812,2.9
2026-05-31 08:00:00,24.1,51.5,1.6,6.96,119.44210526315788,110.899686716792,2.4
2026-05-31 09:00:00,24.4,48.2,1.54,6.91,117.45789473684212,111.68070175438596,1.9
2026-05-31 10:00:00,24.3,51.7,1.68,6.98,126.07368421052631,113.2451754385965,3.2
2026-05-31 11:00:00,24.5,52.7,1.64,7.17,130.18947368421053,116.11096491228072,2.9
2026-05-31 12:00:00,25.7,50.8,1.59,6.86,127.20526315789473,117.86842105263158,1.7
2026-05-31 13:00:00,23.6,53.8,1.6,6.84,132.02105263157895,119.60087719298245,2.5
2026-05-31 14:00:00,24.8,48.5,1.61,7.15,135.53684210526316,121.31666666666668,2.0
2026-05-31 15:00:00,23.7,47.5,1.5,6.98,136.15263157894736,124.3157894736842,2.0
2026-05-31 16:00:00,24.3,46.4,1.59,6.93,123.66842105263157,124.97324561403508,2.1
2026-05-31 17:00:00,25.0,53.0,1.57,7.1,137.4842105263158,126.44736842105264,1.9
2026-05-31 18:00:00,24.5,51.3,1.55,6.94,137.0,128.6798245614035,1.6
2026-05-31 19:00:00,24.0,49.9,1.59,7.18,132.2,129.53596491228072,1.6
2026-05-31 20:00:00,24.1,50.6,1.69,7.07,136.4,130.94912280701757,1.5
2026-05-31 21:00:00,24.8,47.7,1.63,6.95,134.8,132.39429824561404,1.5
2026-05-31 22:00:00,24.1,54.9,1.57,7.22,144.1,133.89649122807018,1.7
2026-05-31 23:00:00,24.6,50.3,1.63,6.94,137.2,134.48070175438596,1.5
2026-06-01 00:00:00,24.5,50.2,1.67,7.07,138.3,135.40526315789472,2.0
2026-06-01 01:00:00,24.2,51.5,1.65,7.03,139.8,136.0535087719298,2.3
2026-06-01 02:00:00,25.6,51.0,1.6,7.13,138.4,136.29210526315788,1.5
2026-06-01 03:00:00,24.8,50.4,1.57,7.16,143.6,136.9127192982456,1.8
2026-06-01 04:00:00,23.5,48.4,1.63,7.0,136.8,138.00701754385966,1.8
2026-06-01 05:00:00,24.6,50.9,1.62,6.92,139.4,138.16666666666666,1.8
2026-06-01 06:00:00,24.2,53.8,1.64,7.05,136.8,138.15,1.6
2026-06-01 07:00:00,24.9,52.7,1.63,6.93,135.2,138.4,1.8
2026-06-01 08:00:00,24.1,53.2,1.65,7.2,137.5,138.49166666666667,1.7
2026-06-01 09:00:00,24.4,49.0,1.57,7.01,139.4,138.875,1.0
2026-06-01 10:00:00,24.8,48.0,1.67,6.96,138.4,138.4,1.9
2026-06-01 11:00:00,24.9,49.7,1.61,7.02,137.8,138.45000000000002,1.9
2026-06-01 12:00:00,23.9,50.1,1.7,6.87,100.8,135.32500000000002,1.7
2026-06-01 13:00:00,24.3,52.2,1.57,6.9,139.9,135.33333333333334,2.0
2026-06-01 14:00:00,24.3,46.6,1.69,7.12,135.8,135.11666666666667,2.3
2026-06-01 15:00:00,24.2,53.1,1.61,6.93,142.8,135.05,1.9
2026-06-01 16:00:00,25.4,49.7,1.57,6.9,140.9,135.39166666666668,2.4
2026-06-01 17:00:00,24.7,49.1,1.58,7.05,136.4,135.14166666666668,2.9
2026-06-01 18:00:00,23.9,48.0,1.58,7.12,140.0,135.40833333333333,1.6
2026-06-01 19:00:00,25.0,46.7,1.62,7.07,103.8,132.79166666666666,1.7
2026-06-01 20:00:00,25.6,51.6,1.63,7.1,142.2,133.18333333333334,2.4
2026-06-01 21:00:00,25.0,50.1,1.57,6.92,145.4,133.68333333333334,2.5
2026-06-01 22:00:00,23.7,47.4,1.6,6.86,135.9,133.47500000000002,2.1
2026-06-01 23:00:00,24.3,47.4,1.71,7.15,142.0,133.82500000000002,2.7
2026-06-02 00:00:00,25.1,49.3,1.69,6.97,141.3,137.20000000000002,1.2
2026-06-02 01:00:00,24.1,53.3,1.62,6.97,143.9,137.53333333333333,1.9
2026-06-02 02:00:00,24.7,49.5,1.6,7.13,142.7,138.10833333333332,1.3
2026-06-02 03:00:00,24.9,47.0,1.61,7.06,139.9,137.86666666666667,2.3
2026-06-02 04:00:00,24.0,49.5,1.63,7.05,141.3,137.9,2.4
2026-06-02 05:00:00,24.5,49.5,1.55,7.22,140.0,138.20000000000002,1.3
2026-06-02 06:00:00,22.9,44.6,1.59,6.94,145.7,138.675,1.3
2026-06-02 07:00:00,24.0,49.9,1.52,7.09,142.7,141.91666666666666,1.4
2026-06-02 08:00:00,24.4,49.5,1.62,7.01,148.5,142.4416666666667,0.9
2026-06-02 09:00:00,23.9,51.4,1.63,7.03,142.7,142.21666666666667,1.0
2026-06-02 10:00:00,25.3,53.7,1.58,7.15,140.9,142.63333333333333,1.0
2026-06-02 11:00:00,23.8,52.3,1.68,7.05,103.6,139.4333333333333,0.6
2026-06-02 12:00:00,24.3,49.5,1.54,7.05,137.8,139.14166666666665,1.4
2026-06-02 13:00:00,24.6,47.8,1.53,7.11,138.6,138.70000000000002,1.2
2026-06-02 14:00:00,25.2,55.1,1.61,6.96,129.2,137.57500000000002,1.5
2026-06-02 15:00:00,23.8,50.1,1.65,6.92,145.1,138.00833333333333,2.2
2026-06-02 16:00:00,25.1,50.0,1.68,6.9,138.9,137.80833333333334,1.1
2026-06-02 17:00:00,24.5,50.0,1.58,6.8,146.4,138.34166666666667,1.9
2026-06-02 18:00:00,24.0,50.4,1.65,7.21,142.4,138.06666666666666,1.5
2026-06-02 19:00:00,24.7,49.7,1.6,6.89,144.4,138.20833333333334,1.5
2026-06-02 20:00:00,24.6,48.9,1.59,6.98,148.9,138.24166666666665,1.9
2026-06-02 21:00:00,24.2,48.9,1.64,6.97,146.8,138.58333333333334,1.7
2026-06-02 22:00:00,24.5,49.9,1.63,7.03,143.4,138.79166666666666,1.7
2026-06-02 23:00:00,24.3,48.9,1.52,7.08,141.6,141.95833333333334,1.5
2026-06-03 00:00:00,24.6,48.6,1.67,7.09,138.0,141.975,0.9
2026-06-03 01:00:00,24.8,50.2,1.67,6.94,142.3,142.28333333333333,0.8
2026-06-03 02:00:00,25.3,49.5,1.57,6.98,144.0,143.51666666666668,0.4
2026-06-03 03:00:00,23.9,53.0,1.62,7.03,106.7,140.31666666666666,1.0
2026-06-03 04:00:00,25.6,44.7,1.62,6.98,129.4,139.525,2.6
2026-06-03 05:00:00,23.5,52.2,1.61,7.16,145.1,139.41666666666666,1.9
2026-06-03 06:00:00,24.4,52.5,1.57,7.05,109.3,136.65833333333333,1.2
2026-06-03 07:00:00,24.8,45.9,1.57,7.07,143.1,136.54999999999998,1.3
2026-06-03 08:00:00,24.6,49.3,1.6,7.07,110.6,133.35833333333332,2.4
2026-06-03 09:00:00,24.2,49.3,1.66,7.12,146.5,133.33333333333334,2.4
2026-06-03 10:00:00,24.4,47.2,1.63,7.02,142.0,133.21666666666667,2.5
2026-06-03 11:00:00,24.3,48.4,1.58,6.87,149.6,133.88333333333335,2.0
2026-06-03 12:00:00,24.2,47.8,1.64,7.04,145.1,134.475,2.0
2026-06-03 13:00:00,24.9,53.5,1.46,6.93,145.5,134.74166666666665,2.2
2026-06-03 14:00:00,24.7,51.9,1.66,6.95,147.7,135.04999999999998,2.0
2026-06-03 15:00:00,24.2,52.5,1.51,7.06,146.3,138.35,0.7
2026-06-03 16:00:00,24.9,51.4,1.58,7.12,148.6,139.95000000000002,1.2
2026-06-03 17:00:00,24.7,47.7,1.54,7.0,146.6,140.07500000000002,1.0
2026-06-03 18:00:00,24.9,49.0,1.54,7.03,144.0,142.96666666666667,1.0
2026-06-03 19:00:00,24.8,51.0,1.66,7.17,147.0,143.29166666666666,2.1
2026-06-03 20:00:00,24.1,47.6,1.58,7.02,142.5,145.95000000000002,0.7
2026-06-03 21:00:00,24.2,51.4,1.62,7.26,146.4,145.9416666666667,0.4
2026-06-03 22:00:00,24.9,49.5,1.6,7.06,146.0,146.275,0.9
2026-06-03 23:00:00,24.8,49.3,1.62,6.82,145.5,145.9333333333333,0.7
2026-06-04 00:00:00,24.5,51.4,1.6,7.08,130.8,144.74166666666667,0.9
2026-06-04 01:00:00,24.6,50.9,1.54,7.04,140.7,144.34166666666667,1.0
2026-06-04 02:00:00,25.1,49.3,1.65,7.13,144.7,144.09166666666667,1.6
2026-06-04 03:00:00,24.2,52.3,1.58,7.07,131.7,142.875,0.5
2026-06-04 04:00:00,24.8,47.8,1.52,6.99,147.0,142.74166666666667,1.2
2026-06-04 05:00:00,24.4,51.2,1.58,6.88,143.5,142.48333333333332,0.6
2026-06-04 06:00:00,24.4,51.2,1.68,6.98,150.4,143.01666666666668,1.2
2026-06-04 07:00:00,25.0,49.4,1.64,6.91,144.0,142.76666666666668,0.6
2026-06-04 08:00:00,24.9,50.7,1.58,6.94,149.6,143.35833333333332,0.7
2026-06-04 09:00:00,24.9,47.5,1.58,7.06,148.0,143.49166666666667,0.7
2026-06-04 10:00:00,25.2,51.8,1.58,7.17,144.9,143.4,1.3
2026-06-04 11:00:00,24.5,49.6,1.7,7.04,117.2,141.04166666666666,1.6
2026-06-04 12:00:00,24.8,49.0,1.62,6.88,143.3,142.08333333333334,0.6
2026-06-04 13:00:00,24.3,52.1,1.62,7.04,149.7,142.83333333333334,1.0
2026-06-04 14:00:00,24.7,48.6,1.65,7.12,150.0,143.275,0.6
2026-06-04 15:00:00,24.4,47.2,1.61,6.94,145.1,144.39166666666668,0.2
2026-06-04 16:00:00,24.5,46.9,1.59,6.99,151.3,144.75,0.6
2026-06-04 17:00:00,24.8,51.2,1.59,7.0,146.4,144.99166666666667,0.5
2026-06-04 18:00:00,24.1,47.4,1.6,6.92,148.1,144.79999999999998,1.7
2026-06-04 19:00:00,25.5,53.5,1.6,7.06,148.0,145.13333333333333,0.8
2026-06-04 20:00:00,24.0,45.8,1.64,6.99,146.9,144.90833333333333,0.1
2026-06-04 21:00:00,23.9,53.4,1.6,7.04,149.8,145.05833333333334,0.4
2026-06-04 22:00:00,25.1,50.4,1.64,6.91,149.8,145.46666666666667,1.0
2026-06-04 23:00:00,24.9,49.8,1.6,6.96,142.2,147.55,1.2
2026-06-05 00:00:00,24.8,48.9,1.6,7.07,151.4,148.225,0.0
2026-06-05 01:00:00,24.8,50.8,1.5,6.96,142.5,147.625,0.0
2026-06-05 02:00:00,24.5,49.9,1.65,7.17,150.7,147.6833333333333,1.1
2026-06-05 03:00:00,24.1,52.2,1.62,6.96,151.0,148.17499999999998,0.4
2026-06-05 04:00:00,24.5,50.2,1.65,7.02,109.4,144.68333333333334,0.4
2026-06-05 05:00:00,24.2,50.3,1.46,7.09,146.4,144.68333333333334,0.9
2026-06-05 06:00:00,25.0,49.3,1.7,6.86,129.4,143.125,0.0
2026-06-05 07:00:00,24.4,49.9,1.59,6.82,147.1,143.05,0.9
2026-06-05 08:00:00,24.1,50.6,1.66,6.85,111.9,140.13333333333333,1.4
2026-06-05 09:00:00,24.3,46.6,1.55,7.13,150.2,140.16666666666666,1.7
2026-06-05 10:00:00,24.7,47.3,1.63,6.94,116.8,137.41666666666666,1.3
2026-06-05 11:00:00,24.2,51.5,1.55,7.26,117.1,135.32500000000002,2.0
2026-06-05 12:00:00,24.1,50.3,1.57,6.94,146.2,134.89166666666665,1.6
2026-06-05 13:00:00,24.6,49.6,1.7,7.02,112.3,132.37499999999997,2.5
2026-06-05 14:00:00,24.6,50.0,1.59,7.15,142.9,131.725,2.1
2026-06-05 15:00:00,24.2,50.7,1.61,7.2,145.6,131.275,2.3
2026-06-05 16:00:00,24.3,48.9,1.64,7.21,151.0,134.74166666666665,1.6
2026-06-05 17:00:00,24.6,48.4,1.62,7.12,152.9,135.28333333333333,2.2
2026-06-05 18:00:00,23.8,50.4,1.61,7.1,144.4,136.53333333333333,2.1
2026-06-05 19:00:00,23.8,48.0,1.62,7.06,146.4,136.475,1.7
2026-06-05 20:00:00,24.1,50.8,1.72,7.08,113.1,136.57500000000002,1.8
2026-06-05 21:00:00,24.4,46.6,1.6,6.94,149.1,136.48333333333332,1.2
2026-06-05 22:00:00,24.7,52.1,1.61,6.92,145.8,138.9,1.4
2026-06-05 23:00:00,25.2,50.9,1.65,7.0,134.6,140.35833333333332,1.3
2026-06-06 00:00:00,24.9,50.5,1.66,6.98,131.9,139.16666666666666,2.5
2026-06-06 01:00:00,24.4,52.0,1.66,6.95,113.3,139.25,1.0
2026-06-06 02:00:00,24.5,53.3,1.63,7.07,150.0,139.84166666666667,1.9
2026-06-06 03:00:00,24.0,52.0,1.54,7.1,113.4,137.15833333333333,2.1
2026-06-06 04:00:00,24.5,46.3,1.68,7.01,147.1,136.83333333333334,1.9
2026-06-06 05:00:00,24.4,47.4,1.54,7.15,148.1,136.43333333333334,2.5
2026-06-06 06:00:00,24.7,48.8,1.62,6.89,148.2,136.75,1.9
2026-06-06 07:00:00,24.1,50.1,1.56,6.98,147.4,136.83333333333334,1.9
2026-06-06 08:00:00,24.8,51.0,1.6,6.93,147.7,139.71666666666667,1.3
2026-06-06 09:00:00,25.3,48.5,1.62,6.81,153.3,140.06666666666666,1.8
2026-06-06 10:00:00,24.4,50.4,1.62,6.99,150.3,140.4416666666667,1.7
2026-06-06 11:00:00,24.7,48.5,1.62,6.99,147.7,141.53333333333333,0.9
2026-06-06 12:00:00,24.8,48.8,1.68,7.15,150.7,143.1,0.4
2026-06-06 13:00:00,24.3,47.2,1.62,7.06,147.6,145.95833333333334,0.5
2026-06-06 14:00:00,24.6,48.2,1.59,6.9,152.2,146.14166666666668,0.2
2026-06-06 15:00:00,24.5,47.3,1.65,7.19,149.8,149.17499999999998,0.1
2026-06-06 16:00:00,24.5,48.0,1.66,7.12,148.4,149.28333333333333,0.6
2026-06-06 17:00:00,24.1,52.1,1.54,7.06,150.1,149.45,0.0
2026-06-06 18:00:00,24.5,48.1,1.63,6.98,129.0,147.85,0.3
2026-06-06 19:00:00,24.7,55.3,1.64,6.9,145.4,147.68333333333334,0.3
2026-06-06 20:00:00,25.2,51.0,1.59,6.96,145.2,147.475,0.7
2026-06-06 21:00:00,25.0,50.4,1.67,7.11,149.2,147.13333333333333,0.0
2026-06-06 22:00:00,25.6,48.3,1.59,7.19,154.0,147.44166666666663,0.1
2026-06-06 23:00:00,24.1,51.4,1.61,7.15,155.5,148.09166666666667,0.3
2026-06-07 00:00:00,24.9,48.8,1.59,6.95,150.8,148.1,0.7
2026-06-07 01:00:00,24.6,50.2,1.6,6.89,150.4,148.33333333333334,0.0
2026-06-07 02:00:00,25.6,55.1,1.55,7.01,143.5,147.60833333333332,0.0
2026-06-07 03:00:00,24.1,49.8,1.53,6.82,147.3,147.4,0.6
2026-06-07 04:00:00,24.1,52.3,1.68,7.03,146.6,147.25,0.1
2026-06-07 05:00:00,24.2,48.6,1.56,6.99,147.1,147.0,0.0
2026-06-07 06:00:00,23.4,49.9,1.55,6.95,148.5,148.625,0.0
2026-06-07 07:00:00,24.2,53.5,1.49,6.84,147.6,148.80833333333334,0.1
